,Germany,Italy,US,United Kingdom
2020-01-30,0,0,0,1
2020-01-31,0,0,0,1
2020-02-01,0,0,0,1
2020-02-02,0,0,0,2
2020-02-03,0,0,0,2
2020-02-04,0,0,0,2
2020-02-05,0,0,0,2
2020-02-06,0,0,0,2
2020-02-07,0,0,0,2
2020-02-08,0,0,0,2
2020-02-09,0,0,0,2
2020-02-10,0,0,0,2
2020-02-11,0,0,0,2
2020-02-12,0,0,0,2
2020-02-13,0,0,0,2
2020-02-14,0,0,0,2
2020-02-15,0,0,0,2
2020-02-16,0,0,0,2
2020-02-17,0,0,0,2
2020-02-18,0,0,0,2
2020-02-19,0,0,0,2
2020-02-20,0,0,0,2
2020-02-21,0,1,0,2
2020-02-22,0,2,0,3
2020-02-23,0,3,0,3
2020-02-24,0,7,0,3
2020-02-25,0,10,0,3
2020-02-26,0,12,0,3
2020-02-27,0,17,0,3
2020-02-28,0,21,0,3
2020-02-29,0,29,1,3
2020-03-01,0,34,1,3
2020-03-02,0,52,6,4
2020-03-03,0,79,7,4
2020-03-04,0,107,11,5
2020-03-05,0,148,12,7
2020-03-06,0,197,14,9
2020-03-07,0,233,17,9
2020-03-08,0,366,21,11
2020-03-09,2,463,22,16
2020-03-10,2,631,28,19
2020-03-11,3,827,33,26
2020-03-12,5,1016,43,39
2020-03-13,5,1266,51,55
2020-03-14,8,1441,58,76
2020-03-15,12,1809,70,107
2020-03-16,13,2158,97,158
2020-03-17,12,2503,134,216
2020-03-18,12,2978,194,289
2020-03-19,20,3405,266,368
2020-03-20,31,4032,372,486
2020-03-21,47,4825,475,630
2020-03-22,55,5476,603,813
2020-03-23,86,6077,790,1021
2020-03-24,114,6820,1033,1284
2020-03-25,149,7503,1366,1621
2020-03-26,198,8215,1783,2034
2020-03-27,253,9134,2305,2497
2020-03-28,325,10023,3018,3013
2020-03-29,389,10779,3573,3599
2020-03-30,455,11591,4280,4310
2020-03-31,583,12428,5359,5141
2020-04-01,732,13155,6996,6065
2020-04-02,872,13915,8545,7072
2020-04-03,1017,14681,9973,8133
2020-04-04,1158,15362,11593,9280
2020-04-05,1342,15887,13216,10500
2020-04-06,1434,16523,14979,11670
2020-04-07,1607,17127,17585,12963
2020-04-08,1861,17669,19737,14424
2020-04-09,2107,18279,21993,15799
2020-04-10,2373,18849,24207,17118
2020-04-11,2544,19468,26311,18483
2020-04-12,2673,19899,28194,19861
2020-04-13,2799,20465,30195,21093
2020-04-14,2969,21067,32676,22347
2020-04-15,3254,21645,35300,23623
2020-04-16,3569,22170,37487,24945
2020-04-17,3868,22745,39591,26217
2020-04-18,4110,23227,41534,27406
2020-04-19,4294,23660,43501,28528
2020-04-20,4404,24114,45787,29688
2020-04-21,4598,24648,48239,30773
2020-04-22,4879,25085,50704,31875
2020-04-23,5094,25549,53132,32913
2020-04-24,5321,25969,55196,33918
2020-04-25,5500,26384,56935,34837
2020-04-26,5640,26644,58350,35731
2020-04-27,5750,26977,59837,36597
2020-04-28,5913,27359,62069,37398
2020-04-29,6115,27682,64443,38215
2020-04-30,6288,27967,66635,38995
2020-05-01,6481,28236,68515,39781
2020-05-02,6575,28710,70258,40486
2020-05-03,6649,28884,71461,41148
2020-05-04,6692,29079,72831,41824
2020-05-05,6831,29315,75010,42466
2020-05-06,6996,29684,77331,43093
2020-05-07,7119,29958,79237,43724
2020-05-08,7266,30201,81006,44293
2020-05-09,7369,30395,82477,44832
2020-05-10,7395,30560,83478,45326
2020-05-11,7417,30739,84504,45754
2020-05-12,7533,30911,86096,46195
2020-05-13,7634,31106,87791,46649
2020-05-14,7723,31368,89560,47114
2020-05-15,7824,31610,91188,47535
2020-05-16,7881,31763,92357,47954
2020-05-17,7914,31908,93172,48331
2020-05-18,7935,32007,94394,48738
2020-05-19,8007,32169,95822,49110
2020-05-20,8090,32330,97292,49463
2020-05-21,8147,32486,98474,49805
2020-05-22,8174,32616,99678,50105
2020-05-23,8216,32735,100756,50389
2020-05-24,8247,32785,101395,50670
2020-05-25,8257,32877,101995,50949
2020-05-26,8302,32955,102648,51249
2020-05-27,8349,33072,104100,51531
2020-05-28,8411,33142,105166,51819
2020-05-29,8450,33229,106275,52073
2020-05-30,8489,33340,107223,52292
2020-05-31,8500,33415,107846,52487
2020-06-01,8511,33475,108613,52686
2020-06-02,8522,33530,109584,52919
2020-06-03,8551,33601,110584,53122
2020-06-04,8581,33689,111582,53305
2020-06-05,8613,33774,112452,53489
2020-06-06,8646,33846,113090,53640
2020-06-07,8668,33899,113550,53803
2020-06-08,8674,33964,114052,53964
2020-06-09,8711,34043,114961,54101
2020-06-10,8729,34114,115819,54267
2020-06-11,8755,34167,116630,54388
2020-06-12,8763,34223,117453,54523
2020-06-13,8781,34301,118159,54624
2020-06-14,8787,34345,118507,54760
2020-06-15,8791,34371,118905,54867
2020-06-16,8800,34405,119681,54987
2020-06-17,8830,34448,120422,55092
2020-06-18,8856,34514,121119,55182
2020-06-19,8872,34561,121750,55270
2020-06-20,8883,34610,122313,55357
2020-06-21,8882,34634,122632,55437
2020-06-22,8885,34657,123011,55520
2020-06-23,8895,34675,123741,55617
2020-06-24,8914,34644,124496,55718
2020-06-25,8927,34678,125047,55826
2020-06-26,8948,34708,125676,55905
2020-06-27,8954,34716,126175,55978
2020-06-28,8957,34738,126498,56049
2020-06-29,8961,34744,126869,56118
2020-06-30,8973,34767,127418,56199
2020-07-01,8985,34788,128120,56253
2020-07-02,8994,34818,128862,56314
2020-07-03,9003,34833,129541,56362
2020-07-04,9010,34854,129848,56414
2020-07-05,9012,34861,130171,56466
2020-07-06,9016,34869,130556,56520
2020-07-07,9024,34899,131700,56563
2020-07-08,9036,34914,132542,56610
2020-07-09,9048,34926,133578,56671
2020-07-10,9054,34938,134383,56715
2020-07-11,9060,34945,135136,56753
2020-07-12,9063,34954,135613,56785
2020-07-13,9064,34967,136056,56830
2020-07-14,9068,34984,136951,56872
2020-07-15,9071,34997,137912,56913
2020-07-16,9078,35017,138883,56934
2020-07-17,9082,35028,139806,56968
2020-07-18,9083,35042,140696,56999
2020-07-19,9084,35045,141179,57023
2020-07-20,9086,35058,141710,57054
2020-07-21,9090,35073,142806,57085
2020-07-22,9095,35082,144030,57119
2020-07-23,9101,35092,145106,57155
2020-07-24,9111,35097,146196,57174
2020-07-25,9118,35102,147164,57197
2020-07-26,9118,35107,147703,57229
2020-07-27,9118,35112,148814,57247
2020-07-28,9122,35123,150026,57273
2020-07-29,9128,35129,151460,57301
2020-07-30,9134,35132,152756,57318
2020-07-31,9141,35141,153924,57349
2020-08-01,9148,35146,155040,57369
2020-08-02,9141,35154,155505,57386
2020-08-03,9148,35166,156070,57409
2020-08-04,9156,35171,157321,57436
2020-08-05,9168,35181,158743,57449
2020-08-06,9175,35187,159931,57470
2020-08-07,9183,35190,161223,57494
2020-08-08,9195,35203,162312,57516
2020-08-09,9196,35205,162889,57535
2020-08-10,9197,35209,163414,57560
2020-08-11,9201,35215,164491,57580
2020-08-12,9207,35225,166000,57604
2020-08-13,9211,35231,167034,57627
2020-08-14,9225,35234,168338,57645
2020-08-15,9231,35392,169376,57668
2020-08-16,9231,35396,169991,57683
2020-08-17,9232,35400,170469,57704
2020-08-18,9236,35405,171696,57719
2020-08-19,9243,35412,172381,57732
2020-08-20,9253,35418,173481,57748
2020-08-21,9260,35427,174576,57758
2020-08-22,9267,35430,175531,57770
2020-08-23,9269,35437,176037,57787
2020-08-24,9272,35441,176470,57797
2020-08-25,9277,35445,177693,57819
2020-08-26,9280,35458,178851,57835
2020-08-27,9285,35463,179958,57847
2020-08-28,9288,35472,180880,57859
2020-08-29,9289,35473,181842,57867
2020-08-30,9295,35477,182282,57878
2020-08-31,9298,35483,182764,57896
2020-09-01,9302,35491,183831,57907
2020-09-02,9313,35497,184885,57922
2020-09-03,9321,35507,185907,57931
2020-09-04,9322,35518,186858,57946
2020-09-05,9324,35534,187651,57960
2020-09-06,9325,35541,188087,57973
2020-09-07,9325,35553,188410,57997
2020-09-08,9329,35563,188883,58013
2020-09-09,9338,35577,189983,58027
2020-09-10,9341,35587,190892,58043
2020-09-11,9342,35597,192034,58063
2020-09-12,9347,35603,192771,58086
2020-09-13,9349,35610,193165,58106
2020-09-14,9350,35624,193586,58127
2020-09-15,9362,35633,194777,58153
2020-09-16,9368,35645,195710,58184
2020-09-17,9371,35658,196560,58222
2020-09-18,9378,35668,197518,58252
2020-09-19,9384,35692,198184,58277
2020-09-20,9386,35707,198449,58317
2020-09-21,9386,35724,198861,58347
2020-09-22,9396,35738,199882,58386
2020-09-23,9409,35758,200933,58444
2020-09-24,9428,35781,201821,58478
2020-09-25,9443,35801,202735,58518
2020-09-26,9452,35818,203497,58565
2020-09-27,9457,35835,203801,58621
2020-09-28,9460,35851,204141,58676
2020-09-29,9471,35875,205035,58724
2020-09-30,9488,35894,205940,58785
2020-10-01,9500,35918,206836,58856
2020-10-02,9508,35941,207673,58930
2020-10-03,9527,35968,208345,59000
2020-10-04,9529,35986,208714,59063
2020-10-05,9534,36002,209189,59131
2020-10-06,9546,36030,209877,59215
2020-10-07,9562,36061,210783,59325
2020-10-08,9578,36083,211756,59422
2020-10-09,9589,36111,212718,59518
2020-10-10,9604,36140,213365,59625
2020-10-11,9615,36166,213828,59753
2020-10-12,9621,36205,214223,59873
2020-10-13,9634,36246,214963,59992
2020-10-14,9677,36289,215952,60115
2020-10-15,9710,36372,216792,60267
2020-10-16,9734,36427,217725,60429
2020-10-17,9767,36474,218514,60615
2020-10-18,9777,36543,218996,60782
2020-10-19,9789,36616,219507,60975
2020-10-20,9836,36705,220459,61185
2020-10-21,9875,36832,221627,61417
2020-10-22,9905,36968,222488,61659
2020-10-23,9954,37059,223444,61884
2020-10-24,10003,37210,224416,62103
2020-10-25,10032,37338,224868,62358
2020-10-26,10056,37479,225425,62640
2020-10-27,10098,37700,226447,62925
2020-10-28,10183,37905,227489,63206
2020-10-29,10272,38122,228484,63526
2020-10-30,10349,38321,229555,63878
2020-10-31,10452,38618,230494,64218
2020-11-01,10481,38826,231003,64577
2020-11-02,10530,39059,231601,64915
2020-11-03,10661,39412,233226,65292
2020-11-04,10812,39764,234344,65632
2020-11-05,10930,40192,235535,66020
2020-11-06,11096,40638,236754,66437
2020-11-07,11226,41063,237880,66854
2020-11-08,11289,41394,238455,67287
2020-11-09,11352,41750,239258,67780
2020-11-10,11506,42330,240698,68190
2020-11-11,11767,42953,242160,68599
2020-11-12,11982,43589,243402,69029
2020-11-13,12200,44139,244630,69479
2020-11-14,12378,44683,245999,69938
2020-11-15,12485,45229,246789,70395
2020-11-16,12547,45733,247666,70826
2020-11-17,12814,46464,249412,71292
2020-11-18,13119,47217,251351,71806
2020-11-19,13370,47870,253365,72291
2020-11-20,13630,48569,255341,72776
2020-11-21,13884,49261,256972,73274
2020-11-22,14022,49823,258048,73786
2020-11-23,14112,50453,259188,74294
2020-11-24,14361,51306,261375,74790
2020-11-25,14771,52028,263633,75289
2020-11-26,15160,52850,265026,75750
2020-11-27,15586,53677,266646,76210
2020-11-28,15965,54363,268055,76696
2020-11-29,16123,54904,269103,77197
2020-11-30,16248,55576,270481,77662
2020-12-01,16636,56361,273042,78087
2020-12-02,17123,57045,275819,78501
2020-12-03,17602,58038,278727,79005
2020-12-04,18034,58852,281393,79504
2020-12-05,18517,59514,283786,79911
2020-12-06,18772,60078,285206,80347
2020-12-07,18919,60606,286848,80813
2020-12-08,19342,61240,289448,81285
2020-12-09,19932,61739,292395,81733
2020-12-10,20372,62626,295310,82229
2020-12-11,20970,63387,298645,82720
2020-12-12,21466,64036,301150,83208
2020-12-13,21787,64520,302746,83688
2020-12-14,21975,65011,304442,84194
2020-12-15,22475,65857,307343,84701
2020-12-16,23427,66537,311026,85185
2020-12-17,24125,67220,314444,85752
2020-12-18,24938,67894,317373,86338
2020-12-19,25640,68447,320109,86886
2020-12-20,26049,68799,321808,87437
2020-12-21,26275,69214,323635,88039
2020-12-22,27006,69842,326966,88668
2020-12-23,27968,70395,330277,89297
2020-12-24,28770,70900,333135,89913
2020-12-25,28770,71359,334633,90568
2020-12-26,29422,71620,336545,91260
2020-12-27,29778,71925,337976,91978
2020-12-28,30126,72370,339875,92701
2020-12-29,30978,73029,343449,93414
2020-12-30,32107,73604,347305,94174
2020-12-31,33071,74159,350555,94998
2021-01-01,33071,74621,352760,95807
2021-01-02,33960,74985,355281,96640
2021-01-03,34272,75332,356707,97447
2021-01-04,34574,75680,358723,98343
2021-01-05,35518,76329,362295,99316
2021-01-06,36537,76877,366169,100330
2021-01-07,37607,77291,370168,101386
2021-01-08,38795,77911,374321,102438
2021-01-09,39878,78394,377523,103532
2021-01-10,40343,78755,379612,104705
2021-01-11,40686,79203,381469,105949
2021-01-12,41577,79819,385842,107269
2021-01-13,42637,80326,389829,108578
2021-01-14,43881,80848,393604,109919
2021-01-15,44994,81325,397420,111243
2021-01-16,45974,81800,400971,112662
2021-01-17,46419,82177,402953,114023
2021-01-18,46633,82554,404534,115424
2021-01-19,47622,83157,406937,116914
2021-01-20,48770,83681,411326,118297
2021-01-21,49783,84202,415429,119647
2021-01-22,50642,84674,419206,120982
2021-01-23,51521,85162,422729,122270
2021-01-24,51870,85461,424555,123509
2021-01-25,52087,85881,426337,124772
2021-01-26,52990,86422,430316,125945
2021-01-27,53972,86889,434380,127177
2021-01-28,54913,87381,438187,128401
2021-01-29,55752,87858,441750,129561
2021-01-30,56546,88279,444607,130587
2021-01-31,56945,88516,446538,131582
2021-02-01,57120,88845,448319,132589
2021-02-02,57981,89344,451855,133552
2021-02-03,58956,89820,455719,134528
2021-02-04,59742,90241,459602,135354
2021-02-05,60597,90618,463263,136228
2021-02-06,61286,91003,465990,137015
2021-02-07,61517,91273,467452,137768
2021-02-08,61675,91580,468902,138549
2021-02-09,62156,92002,471934,139272
2021-02-10,62969,92338,475295,139984
2021-02-11,63635,92729,478454,140660
2021-02-12,64191,93045,481292,141296
2021-02-13,64742,93356,483543,141882
2021-02-14,64960,93577,484694,142487
2021-02-15,65076,93835,485641,143102
2021-02-16,65604,94171,487285,143670
2021-02-17,66164,94540,489692,144176
2021-02-18,66698,94887,492250,144697
2021-02-19,67206,95235,494766,145166
2021-02-20,67696,95486,496681,145618
2021-02-21,67841,95718,497891,146029
2021-02-22,67903,95992,499101,146408
2021-02-23,68318,96348,501359,146789
2021-02-24,68740,96666,504575,147156
2021-02-25,69125,96974,506988,147511
2021-02-26,69519,97227,509119,147815
2021-02-27,69888,97507,510632,148123
2021-02-28,70045,97699,511718,148404
2021-03-01,70105,97945,513035,148701
2021-03-02,70463,98288,514948,148945
2021-03-03,70881,98635,517470,149163
2021-03-04,71240,98974,519394,149397
2021-03-05,71504,99271,521108,149619
2021-03-06,71804,99578,522627,149829
2021-03-07,71900,99785,523329,150026
2021-03-08,71934,100103,524048,150223
2021-03-09,72189,100479,525809,150408
2021-03-10,72489,100811,527345,150571
2021-03-11,72810,101184,528887,150744
2021-03-12,73062,101564,530310,150879
2021-03-13,73301,101881,531277,151014
2021-03-14,73371,102145,531792,151152
2021-03-15,73418,102499,532498,151291
2021-03-16,73656,103001,533749,151405
2021-03-17,73905,103432,534943,151532
2021-03-18,74132,103855,536574,151632
2021-03-19,74358,104241,537597,151736
2021-03-20,74565,104642,538367,151837
2021-03-21,74664,104942,539073,151964
2021-03-22,74714,105328,539627,152072
2021-03-23,74964,105879,540571,152167
2021-03-24,75212,106339,542033,152237
2021-03-25,75440,106799,543378,152316
2021-03-26,75623,107256,544534,152391
2021-03-27,75780,107636,545339,152456
2021-03-28,75870,107933,545781,152506
2021-03-29,75913,108350,546417,152577
2021-03-30,76093,108879,547308,152633
2021-03-31,76342,109346,548379,152707
2021-04-01,76543,109847,549479,152770
2021-04-02,76775,110328,550371,152820
2021-04-03,76895,110704,551127,152862
2021-04-04,76963,111030,551440,152915
2021-04-05,77013,111326,551906,152960
2021-04-06,77103,111747,552738,153005
2021-04-07,77401,112374,555340,153051
2021-04-08,77707,112861,556352,153113
2021-04-09,78003,113579,557255,153151
2021-04-10,78249,113923,558015,153194
2021-04-11,78353,114254,558307,153235
2021-04-12,78452,114612,558760,153273
2021-04-13,78746,115088,559624,153320
2021-04-14,79088,115557,560561,153355
2021-04-15,79381,115937,561468,153398
2021-04-16,79628,116366,562338,153430
2021-04-17,79847,116676,563047,153473
2021-04-18,79914,116927,563397,153504
2021-04-19,80006,117243,563893,153527
2021-04-20,80303,117633,564730,153562
2021-04-21,80634,117997,565628,153598
2021-04-22,80893,118357,566569,153631
2021-04-23,81158,118699,567332,153660
2021-04-24,81444,119021,568082,153684
2021-04-25,81564,119238,568391,153711
2021-04-26,81624,119539,568872,153732
2021-04-27,81968,119912,569538,153757
2021-04-28,82280,120256,570522,153778
2021-04-29,82544,120544,571406,153795
2021-04-30,82850,120807,572210,153811
2021-05-01,83082,121033,572959,153827
2021-05-02,83192,121177,573282,153846
2021-05-03,83276,121433,573768,153863
2021-05-04,83591,121738,574643,153878
2021-05-05,83876,122005,575457,153900
2021-05-06,84126,122263,576253,153917
2021-05-07,84410,122470,577011,153935
2021-05-08,84648,122694,577650,153955
2021-05-09,84775,122833,577913,153966
2021-05-10,84829,123031,578315,153974
2021-05-11,85112,123282,578995,153995
2021-05-12,85380,123544,579761,154010
2021-05-13,85658,123745,580508,154025
2021-05-14,85848,123927,581139,154039
2021-05-15,86025,124063,581663,154054
2021-05-16,86096,124156,581932,154068
2021-05-17,86160,124296,582334,154081
2021-05-18,86381,124497,583115,154092
2021-05-19,86665,124646,583769,154096
2021-05-20,86902,124810,584453,154103
2021-05-21,87128,125028,585055,154121
2021-05-22,87298,125153,585543,154125
2021-05-23,87380,125225,585748,154141
2021-05-24,87423,125335,586189,154157
2021-05-25,87456,125501,586828,154168
2021-05-26,87726,125622,587813,154182
2021-05-27,87995,125793,589163,154190
2021-05-28,88187,125919,589698,154204
2021-05-29,88350,126002,590026,154216
2021-05-30,88406,126046,590174,154225
2021-05-31,88442,126128,590355,154236
2021-06-01,88595,126221,590998,154246
2021-06-02,88774,126283,591558,154258
2021-06-03,88940,126342,592189,154274
2021-06-04,89026,126415,592706,154288
2021-06-05,89148,126472,593290,154295
2021-06-06,89222,126523,593459,154308
2021-06-07,89244,126588,593769,154314
2021-06-08,89384,126690,594077,154329
2021-06-09,89491,126767,594552,154346
2021-06-10,89585,126855,594955,154362
2021-06-11,89687,126924,595481,154375
2021-06-12,89816,126976,595749,154387
2021-06-13,89834,127002,595861,154399
2021-06-14,89844,127038,596050,154412
2021-06-15,89937,127101,596373,154433
2021-06-16,90074,127153,596756,154449
2021-06-17,90179,127190,597055,154458
2021-06-18,90270,127225,597655,154476
2021-06-19,90270,127253,597825,154496
2021-06-20,90385,127270,597904,154518
2021-06-21,90395,127291,598164,154531
2021-06-22,90472,127322,598508,154549
2021-06-23,90523,127352,598894,154558
2021-06-24,90616,127362,599235,154587
2021-06-25,90678,127418,599763,154609
2021-06-26,90746,127458,599924,154626
2021-06-27,90754,127472,599999,154650
2021-06-28,90762,127500,600158,154668
2021-06-29,90819,127542,600487,154692
2021-06-30,90875,127566,600787,154718
2021-07-01,90938,127587,601070,154746
2021-07-02,91007,127615,601504,154778
2021-07-03,91007,127637,601587,154809
2021-07-04,91007,127649,601627,154839
2021-07-05,91031,127680,601748,154868
2021-07-06,91062,127704,602054,154903
2021-07-07,91110,127718,602381,154939
2021-07-08,91141,127731,602631,154981
2021-07-09,91190,127756,603093,155034
2021-07-10,91190,127768,603171,155079
2021-07-11,91190,127775,603292,155115
2021-07-12,91233,127788,603527,155158
2021-07-13,91259,127808,603884,155208
2021-07-14,91287,127831,604211,155255
2021-07-15,91319,127840,604567,155309
2021-07-16,91337,127851,605020,155364
2021-07-17,91337,127864,605092,155424
2021-07-18,91337,127867,605187,155497
2021-07-19,91363,127874,605385,155585
2021-07-20,91397,127884,605675,155653
2021-07-21,91416,127905,606038,155714
2021-07-22,91458,127920,606326,155800
2021-07-23,91492,127937,606878,155883
2021-07-24,91492,127942,607014,155952
2021-07-25,91492,127949,607116,156025
2021-07-26,91527,127971,607366,156104
2021-07-27,91565,127995,607824,156181
2021-07-28,91586,128010,608207,156265
2021-07-29,91607,128029,608525,156353
2021-07-30,91637,128047,609410,156458
2021-07-31,91637,128063,609586,156550
2021-08-01,91637,128068,609819,156647
2021-08-02,91660,128088,610162,156739
2021-08-03,91679,128115,610748,156819
2021-08-04,91704,128136,611294,156911
2021-08-05,91730,128163,611820,157012
2021-08-06,91754,128187,612953,157110
2021-08-07,91754,128209,613219,157216
2021-08-08,91754,128220,613354,157300
2021-08-09,91784,128242,613871,157384
2021-08-10,91803,128273,614703,157469
2021-08-11,91817,128304,615508,157558
2021-08-12,91834,128334,616540,157664
2021-08-13,91853,128379,617599,157762
2021-08-14,91853,128413,617869,157866
2021-08-15,91853,128432,618086,157957
2021-08-16,91871,128456,619127,158046
2021-08-17,91899,128510,620151,158148
2021-08-18,91921,128579,621355,158259
2021-08-19,91943,128634,623142,158374
2021-08-20,91956,128683,624604,158501
2021-08-21,91956,128728,625181,158619
2021-08-22,91956,128751,625401,158748
2021-08-23,91980,128795,626737,158868
2021-08-24,92022,128855,628172,158986
2021-08-25,92061,128914,629725,159094
2021-08-26,92082,128957,631947,159219
2021-08-27,92096,129002,633690,159358
2021-08-28,92096,129056,634342,159492
2021-08-29,92096,129093,634668,159631
2021-08-30,92140,129146,636381,159740
2021-08-31,92200,129221,637825,159868
2021-09-01,92223,129290,639869,159993
2021-09-02,92256,129352,642876,160130
2021-09-03,92301,129410,644816,160282
2021-09-04,92301,129466,645469,160428
2021-09-05,92301,129515,645897,160592
2021-09-06,92354,129567,646505,160749
2021-09-07,92413,129638,648601,160915
2021-09-08,92448,129707,650920,161058
2021-09-09,92498,129766,654148,161238
2021-09-10,92553,129828,656609,161388
2021-09-11,92553,129885,657448,161532
2021-09-12,92553,129919,657828,161673
2021-09-13,92618,129955,659985,161792
2021-09-14,92686,130027,661913,161962
2021-09-15,92769,130100,664652,162131
2021-09-16,92837,130167,668145,162293
2021-09-17,92857,130233,670599,162477
2021-09-18,92857,130284,671609,162614
2021-09-19,92857,130310,672013,162751
2021-09-20,92971,130354,674320,162910
2021-09-21,93052,130421,676767,163049
2021-09-22,93123,130488,679458,163208
2021-09-23,93238,130551,682766,163357
2021-09-24,93303,130603,685250,163498
2021-09-25,93303,130653,686107,163626
2021-09-26,93303,130697,686699,163737
2021-09-27,93403,130742,688958,163864
2021-09-28,93504,130807,691476,163985
2021-09-29,93571,130870,694116,164127
2021-09-30,93638,130921,696942,164256
2021-10-01,93711,130973,699073,164395
2021-10-02,93711,130998,699923,164513
2021-10-03,93711,131031,700466,164620
2021-10-04,93793,131068,702398,164733
2021-10-05,93883,131118,704292,164868
2021-10-06,93959,131157,706952,164982
2021-10-07,94027,131198,709425,165115
2021-10-08,94113,131228,711229,165237
2021-10-09,94113,131274,711681,165358
2021-10-10,94113,131301,712175,165473
2021-10-11,94209,131335,713355,165611
2021-10-12,94297,131384,715644,165747
2021-10-13,94389,131421,718833,165884
2021-10-14,94461,131461,721024,166045
2021-10-15,94526,131503,722847,166185
2021-10-16,94526,131517,723443,166337
2021-10-17,94526,131541,723923,166478
2021-10-18,94628,131585,725690,166617
2021-10-19,94716,131655,727656,166760
2021-10-20,94808,131688,730845,166914
2021-10-21,94875,131724,732861,167079
2021-10-22,94991,131763,734732,167230
2021-10-23,94991,131802,735306,167402
2021-10-24,94991,131826,735586,167569
2021-10-25,95117,131856,737053,167718
2021-10-26,95245,131904,738660,167896
2021-10-27,95359,131954,740721,168073
2021-10-28,95485,132004,742577,168272
2021-10-29,95606,132037,744310,168457
2021-10-30,95606,132074,744710,168622
2021-10-31,95606,132100,744968,168818
2021-11-01,95752,132120,746221,169010
2021-11-02,95833,132161,747511,169175
2021-11-03,96027,132224,749500,169359
2021-11-04,96192,132283,750702,169528
2021-11-05,96346,132334,752825,169694
2021-11-06,96346,132365,753331,169865
2021-11-07,96346,132391,753562,170026
2021-11-08,96558,132423,754775,170187
2021-11-09,96727,132491,756227,170344
2021-11-10,96963,132551,757923,170514
2021-11-11,97198,132618,758824,170672
2021-11-12,97389,132686,761276,170818
2021-11-13,97389,132739,761875,170970
2021-11-14,97389,132775,762105,171104
2021-11-15,97715,132819,763390,171275
2021-11-16,97980,132893,764712,171441
2021-11-17,98274,132965,766380,171568
2021-11-18,98538,133034,767716,171699
2021-11-19,98739,133082,769485,171841
2021-11-20,98739,133131,769960,171984
2021-11-21,98739,133177,770208,172105
2021-11-22,99124,133247,771458,172236
2021-11-23,99433,133330,772818,172386
2021-11-24,99768,133415,774517,172510
2021-11-25,100119,133486,775002,172651
2021-11-26,100476,133537,775391,172783
2021-11-27,100476,133627,775729,172907
2021-11-28,100476,133674,776006,173051
2021-11-29,100956,133739,777924,173195
2021-11-30,101344,133828,779569,173317
2021-12-01,101790,133931,781572,173455
2021-12-02,102178,134003,785458,173578
2021-12-03,102568,134077,787069,173725
2021-12-04,102568,134152,787768,173888
2021-12-05,102568,134195,788180,174005
2021-12-06,103121,134287,789609,174148
2021-12-07,103520,134386,791126,174280
2021-12-08,104047,134472,792949,174413
2021-12-09,104512,134551,794501,174545
2021-12-10,104996,134669,796254,174667
2021-12-11,104996,134765,796878,174776
2021-12-12,104996,134831,797248,174913
2021-12-13,105754,134929,798642,175026
2021-12-14,106227,135049,800159,175178
2021-12-15,106680,135178,802395,175298
2021-12-16,107202,135301,803664,175416
2021-12-17,107639,135421,805528,175547
2021-12-18,107639,135544,806207,175654
2021-12-19,107639,135641,806527,175771
2021-12-20,108352,135778,808079,175907
2021-12-21,108814,135931,809993,176019
2021-12-22,109324,136077,814180,176155
2021-12-23,109749,136245,815587,176291
2021-12-24,109749,136386,816276,176408
2021-12-25,109749,136530,816518,176520
2021-12-26,109749,136611,816888,176636
2021-12-27,110433,136753,818734,176769
2021-12-28,110805,136955,821025,176931
2021-12-29,111219,137091,823393,177063
2021-12-30,111602,137247,824883,177240
2021-12-31,111602,137402,825614,177395
2022-01-01,111602,137513,826015,177571
2022-01-02,111602,137646,826421,177740
2022-01-03,111602,137786,828325,177919
2022-01-04,112579,138045,830656,178121
2022-01-05,112925,138276,832888,178301
2022-01-06,113368,138474,834983,178519
2022-01-07,113632,138697,837422,178745
2022-01-08,113632,138881,838293,178961
2022-01-09,113632,139038,838912,179202
2022-01-10,114029,139265,840966,179444
2022-01-11,114351,139559,843488,179677
2022-01-12,114735,139872,846337,179915
2022-01-13,115051,140188,848897,180156
2022-01-14,115337,140548,851693,180390
2022-01-15,115337,140856,852701,180649
2022-01-16,115337,141104,853463,180905
2022-01-17,115649,141391,854499,181136
2022-01-18,115842,141825,857239,181369
2022-01-19,116081,142205,860719,181590
2022-01-20,116315,142590,863650,181791
2022-01-21,116485,142963,867040,182038
2022-01-22,116485,143296,868070,182259
2022-01-23,116485,143523,868808,182477
2022-01-24,116746,143875,870988,182704
2022-01-25,116960,144343,874144,182898
2022-01-26,117126,144770,878011,183093
2022-01-27,117314,145159,880632,183312
2022-01-28,117484,145537,884723,183513
2022-01-29,117484,145914,885933,183694
2022-01-30,117484,146149,886418,183885
2022-01-31,117786,146498,889025,184092
2022-02-01,117974,146925,892382,184297
2022-02-02,118170,147320,895971,184483
2022-02-03,118334,147734,898454,184673
2022-02-04,118504,148167,902576,184832
2022-02-05,118504,148542,903501,185003
2022-02-06,118504,148771,903967,185161
2022-02-07,118766,149097,906856,185300
2022-02-08,118943,149512,909857,185459
2022-02-09,119215,149896,913193,185603
2022-02-10,119453,150221,916444,185726
2022-02-11,119679,150555,919147,185867
2022-02-12,119679,150824,919969,186011
2022-02-13,119679,151015,920551,186137
2022-02-14,119977,151296,923733,186293
2022-02-15,120220,151684,926340,186426
2022-02-16,120467,151962,929523,186557
2022-02-17,120728,152282,932475,186682
2022-02-18,120992,152596,934978,186809
2022-02-19,120992,152848,935664,186930
2022-02-20,120992,152989,936110,187055
2022-02-21,121297,153190,937026,187165
2022-02-22,121603,153512,939199,187285
2022-02-23,121902,153764,942291,187402
2022-02-24,122145,154013,945246,187527
2022-02-25,122371,154206,947327,187647
2022-02-26,122371,154416,948089,187750
2022-02-27,122371,154560,948314,187869
2022-02-28,122702,154767,950456,187974
2022-03-01,122937,155000,952224,188080
2022-03-02,123238,155214,954316,188225
2022-03-03,123505,155399,956024,188330
2022-03-04,123796,155609,957762,188440
2022-03-05,123796,155782,958071,188541
2022-03-06,123796,155887,958285,188634
2022-03-07,124126,156017,959983,188758
2022-03-08,124126,156201,961402,188877
2022-03-09,124764,156357,963426,188984
2022-03-10,125023,156493,965198,189098
2022-03-11,125272,156649,966858,189219
2022-03-12,125272,156782,967137,189338
2022-03-13,125272,156868,967330,189449
2022-03-14,125590,156997,968642,189589
2022-03-15,125873,157177,969724,189710
2022-03-16,126142,157314,971573,189856
2022-03-17,126420,157442,973070,189994
2022-03-18,126646,157607,973886,190164
2022-03-19,126646,157692,974171,190329
2022-03-20,126646,157785,974259,190502
2022-03-21,126929,157904,975543,190663
2022-03-22,127193,158101,976318,190830
2022-03-23,127522,158254,977959,190988
2022-03-24,127822,158436,978825,191152
2022-03-25,128110,158582,979445,191333
2022-03-26,128110,158700,979596,191493
2022-03-27,128110,158782,979657,191651
2022-03-28,128457,158877,980676,191827
2022-03-29,128764,159054,981664,192020
2022-03-30,129112,159224,982833,192199
2022-03-31,129391,159383,983351,192391
2022-04-01,129695,159537,984181,192595
2022-04-02,129695,159666,984339,192785
2022-04-03,129695,159784,984399,192974
2022-04-04,130052,159909,984993,193149
2022-04-05,130368,160103,985505,193349
2022-04-06,130708,160253,986611,193544
2022-04-07,131036,160402,987468,193775
2022-04-08,131370,160546,988084,194011
2022-04-09,131370,160658,988253,194184
2022-04-10,131370,160748,988283,194381
2022-04-11,131728,160863,988609,194566
2022-04-12,132017,161032,989212,194763
2022-04-13,132378,161187,990147,194982
2022-04-14,132688,161336,990889,195173
2022-04-15,132688,161469,991329,195342
2022-04-16,132688,161602,991383,195506
2022-04-17,132688,161687,991394,195666
2022-04-18,132688,161766,991637,195837
2022-04-19,132960,161893,992091,195993
2022-04-20,133308,162098,992985,196151
2022-04-21,133632,162264,993398,196312
2022-04-22,133921,162466,993908,196463
2022-04-23,133921,162609,993976,196608
2022-04-24,133921,162688,994008,196738
2022-04-25,134185,162781,994272,196867
2022-04-26,134489,162927,994595,196991
2022-04-27,134832,163113,995381,197124
2022-04-28,135078,163244,995811,197254
2022-04-29,135292,163377,996217,197361
2022-04-30,135292,163507,996349,197468
2022-05-01,135292,163612,996372,197580
2022-05-02,135461,163736,996663,197688
2022-05-03,135701,163889,997116,197792
2022-05-04,135942,164041,999068,197881
2022-05-05,136125,164179,999368,197965
2022-05-06,136339,164304,999726,198061
2022-05-07,136339,164417,999937,198164
2022-05-08,136339,164489,999967,198246
2022-05-09,136538,164573,1000217,198328
2022-05-10,136756,164731,1000549,198427
2022-05-11,136987,164846,1001222,198506
2022-05-12,137184,164976,1001535,198576
2022-05-13,137348,165091,1001736,198648
2022-05-14,137348,165182,1001802,198713
2022-05-15,137348,165244,1001839,198784
2022-05-16,137499,165346,1002082,198850
2022-05-17,137714,165494,1002483,198922
2022-05-18,137888,165630,1003432,198968
2022-05-19,138053,165738,1003789,199014
2022-05-20,138204,165827,1004188,199086
2022-05-21,138204,165918,1004283,199135
2022-05-22,138204,165952,1004330,199193
2022-05-23,138326,166032,1004574,199255
2022-05-24,138485,166127,1004918,199306
2022-05-25,138643,166264,1005995,199340
2022-05-26,138643,166358,1006361,199384
2022-05-27,138781,166476,1006885,199428
2022-05-28,138864,166542,1006932,199462
2022-05-29,138864,166569,1006949,199490
2022-05-30,138864,166631,1006991,199541
2022-05-31,139000,166697,1007358,199590
2022-06-01,139091,166756,1008023,199616
2022-06-02,139222,166835,1008362,199663
2022-06-03,139313,166875,1008734,199689
2022-06-04,139313,166922,1008918,199727
2022-06-05,139313,166949,1008952,199757
2022-06-06,139313,167019,1009230,199799
2022-06-07,139388,167089,1009711,199831
2022-06-08,139533,167169,1010885,199873
2022-06-09,139623,167253,1011206,199900
2022-06-10,139729,167305,1011565,199944
2022-06-11,139729,167365,1011682,199977
2022-06-12,139729,167391,1011711,200020
2022-06-13,139807,167432,1011982,200059
2022-06-14,139914,167505,1012366,200094
2022-06-15,140026,167553,1013068,200138
2022-06-16,140099,167617,1013517,200193
2022-06-17,140118,167658,1013834,200237
2022-06-18,140118,167703,1013877,200281
2022-06-19,140118,167721,1013931,200326
2022-06-20,140176,167780,1014003,200374
2022-06-21,140358,167842,1014482,200431
2022-06-22,140462,167892,1015325,200501
2022-06-23,140560,167967,1015718,200561
2022-06-24,140650,168018,1016150,200608
2022-06-25,140650,168058,1016313,200678
2022-06-26,140650,168102,1016335,200746
2022-06-27,140734,168165,1016633,200808
2022-06-28,140847,168234,1017210,200878
2022-06-29,141022,168294,1017916,200962
2022-06-30,141105,168353,1017662,201037
2022-07-01,141189,168425,1018159,201115
2022-07-02,141189,168488,1018209,201205
2022-07-03,141189,168545,1018216,201273
2022-07-04,141295,168604,1018295,201360
2022-07-05,141397,168698,1018757,201461
2022-07-06,141519,168770,1019508,201574
2022-07-07,141627,168864,1020598,201674
2022-07-08,141758,168969,1021080,201781
2022-07-09,141758,169062,1021178,201885
2022-07-10,141758,169106,1021209,202001
2022-07-11,141870,169233,1021665,202126
2022-07-12,142035,169390,1022245,202274
2022-07-13,142139,169496,1023201,202408
2022-07-14,142284,169601,1023595,202530
2022-07-15,142399,169735,1024087,202633
2022-07-16,142399,169846,1024158,202747
2022-07-17,142399,169925,1024212,202905
2022-07-18,142533,170037,1024650,203030
2022-07-19,142635,170213,1025285,203248
2022-07-20,142771,170370,1026171,203435
2022-07-21,142948,170527,1026684,203559
2022-07-22,143061,170682,1027234,203675
2022-07-23,143061,170798,1027336,203800
2022-07-24,143061,170875,1027368,203929
2022-07-25,143177,170979,1027792,204042
2022-07-26,143364,171232,1028344,204162
2022-07-27,143545,171439,1029276,204276
2022-07-28,143702,171638,1029701,204397
2022-07-29,143855,171882,1030306,204511
2022-07-30,143855,172003,1030357,204587
2022-07-31,143855,172086,1030370,204683
2022-08-01,143979,172207,1030937,204775
2022-08-02,144150,172397,1031454,204876
2022-08-03,144360,172568,1032509,204982
2022-08-04,144552,172729,1033172,205065
2022-08-05,144717,172904,1033859,205148
2022-08-06,144717,173062,1033930,205214
2022-08-07,144717,173136,1033962,205312
2022-08-08,144858,173249,1034458,205408
2022-08-09,145028,173426,1035109,205496
2022-08-10,145241,173571,1036022,205570
2022-08-11,145394,173701,1036611,205668
2022-08-12,145561,173853,1037228,205772
2022-08-13,145561,173982,1037314,205860
2022-08-14,145561,174060,1037331,205950
2022-08-15,145698,174102,1037793,206038
2022-08-16,145838,174172,1038313,206107
2022-08-17,146030,174300,1039381,206163
2022-08-18,146214,174447,1040030,206225
2022-08-19,146383,174571,1040594,206293
2022-08-20,146383,174659,1040667,206368
2022-08-21,146383,174722,1041455,206426
2022-08-22,146504,174797,1041201,206489
2022-08-23,146650,174931,1041822,206567
2022-08-24,146797,175043,1042752,206619
2022-08-25,146913,175127,1043402,206667
2022-08-26,147003,175226,1044073,206709
2022-08-27,147003,175306,1044144,206766
2022-08-28,147003,175347,1044162,206827
2022-08-29,147104,175407,1044637,206881
2022-08-30,147223,175505,1045048,206923
2022-08-31,147404,175595,1046538,206996
2022-09-01,147494,175663,1047255,207039
2022-09-02,147642,175754,1047706,207085
2022-09-03,147642,175802,1047773,207139
2022-09-04,147642,175832,1047787,207184
2022-09-05,147762,175872,1047876,207223
2022-09-06,147861,175952,1048482,207261
2022-09-07,147981,176009,1049262,207319
2022-09-08,148098,176098,1049973,207364
2022-09-09,148217,176157,1050477,207401
2022-09-10,148217,176204,1050558,207444
2022-09-11,148217,176238,1050579,207474
2022-09-12,148299,176242,1051032,207516
2022-09-13,148389,176335,1051560,207564
2022-09-14,148498,176404,1052510,207607
2022-09-15,148728,176464,1053205,207654
2022-09-16,148845,176508,1053613,207691
2022-09-17,148845,176546,1053671,207731
2022-09-18,148845,176578,1053693,207769
2022-09-19,148933,176609,1054083,207817
2022-09-20,149079,176669,1054532,207865
2022-09-21,149169,176715,1055498,207902
2022-09-22,149275,176775,1056188,207952
2022-09-23,149368,176824,1056586,208005
2022-09-24,149368,176867,1056667,208054
2022-09-25,149368,176880,1056685,208094
2022-09-26,149458,176912,1057053,208156
2022-09-27,149576,176976,1057505,208223
2022-09-28,149714,177024,1058776,208280
2022-09-29,149808,177054,1059503,208347
2022-09-30,149948,177092,1059822,208410
2022-10-01,149948,177130,1059857,208487
2022-10-02,149948,177150,1059874,208549
2022-10-03,149948,177197,1060167,208630
2022-10-04,150064,177257,1060672,208720
2022-10-05,150192,177300,1061699,208817
2022-10-06,150289,177356,1062324,208908
2022-10-07,150406,177418,1062724,209006
2022-10-08,150406,177478,1062775,209095
2022-10-09,150406,177519,1062787,209191
2022-10-10,150535,177570,1062924,209279
2022-10-11,150720,177650,1063533,209379
2022-10-12,150919,177719,1064303,209503
2022-10-13,151095,177785,1064897,209612
2022-10-14,151260,177883,1065228,209723
2022-10-15,151260,177956,1065270,209829
2022-10-16,151260,177988,1065281,209933
2022-10-17,151420,178081,1065618,210048
2022-10-18,151629,178194,1066055,210154
2022-10-19,151877,178275,1066765,210256
2022-10-20,152100,178359,1067370,210373
2022-10-21,152278,178450,1067951,210475
2022-10-22,152278,178542,1067974,210585
2022-10-23,152278,178594,1067986,210685
2022-10-24,152482,178633,1068196,210786
2022-10-25,152755,178753,1068631,210896
2022-10-26,152997,178846,1069731,210986
2022-10-27,153193,178940,1070324,211090
2022-10-28,153377,179025,1070516,211176
2022-10-29,153377,179101,1070551,211268
2022-10-30,153377,179101,1070560,211365
2022-10-31,153544,179101,1070692,211447
2022-11-01,153694,179101,1071137,211532
2022-11-02,153814,179101,1071858,211608
2022-11-03,154095,179101,1072503,211692
2022-11-04,154328,179436,1072858,211784
2022-11-05,154328,179436,1072890,211859
2022-11-06,154328,179436,1072908,211915
2022-11-07,154535,179436,1073042,211990
2022-11-08,154785,179436,1073262,212049
2022-11-09,155012,179436,1074169,212111
2022-11-10,155187,179436,1074761,212163
2022-11-11,155403,179985,1074817,212233
2022-11-12,155403,179985,1074822,212276
2022-11-13,155403,179985,1074835,212332
2022-11-14,155588,179985,1075089,212389
2022-11-15,155807,179985,1075491,212451
2022-11-16,156030,179985,1076292,212504
2022-11-17,156192,179985,1076820,212555
2022-11-18,156410,180518,1077329,212611
2022-11-19,156410,180518,1077352,212665
2022-11-20,156410,180518,1077372,212725
2022-11-21,156613,180518,1077583,212777
2022-11-22,156812,180518,1078150,212830
2022-11-23,156951,180518,1079136,212885
2022-11-24,157114,180518,1079325,212932
2022-11-25,157388,181098,1079479,212974
2022-11-26,157388,181098,1079492,213018
2022-11-27,157388,181098,1079504,213072
2022-11-28,157495,181098,1079802,213130
2022-11-29,157657,181098,1080214,213182
2022-11-30,157791,181098,1080774,213226
2022-12-01,157943,181098,1081460,213278
2022-12-02,158109,181733,1081769,213326
2022-12-03,158109,181733,1081797,213377
2022-12-04,158109,181733,1081808,213421
2022-12-05,158198,181733,1082030,213476
2022-12-06,158386,181733,1082634,213544
2022-12-07,158559,181733,1083640,213600
2022-12-08,158684,181733,1084530,213660
2022-12-09,158851,182419,1084729,213720
2022-12-10,158851,182419,1084759,213720
2022-12-11,158851,182419,1084770,213720
2022-12-12,158966,182419,1084998,213720
2022-12-13,159177,182419,1085590,213720
2022-12-14,159364,182419,1086471,213720
2022-12-15,159594,182419,1087290,213720
2022-12-16,159737,183138,1087715,213764
2022-12-17,159737,183138,1087739,213807
2022-12-18,159737,183138,1087753,213853
2022-12-19,159884,183138,1088030,213900
2022-12-20,160045,183138,1088608,213929
2022-12-21,160246,183138,1089646,213949
2022-12-22,160424,183138,1090235,213963
2022-12-23,160611,183936,1090435,213966
2022-12-24,160611,183936,1090452,213966
2022-12-25,160611,183936,1090460,213966
2022-12-26,160611,183936,1090484,213966
2022-12-27,160768,183936,1090834,213966
2022-12-28,160972,183936,1091813,213966
2022-12-29,161321,183936,1092729,213966
2022-12-30,161465,184642,1092937,213966
2022-12-31,161465,184642,1092956,213966
2023-01-01,161465,184642,1092959,213966
2023-01-02,161714,184642,1092976,213966
2023-01-03,162021,184642,1093366,213966
2023-01-04,162256,184642,1094641,213966
2023-01-05,162518,184642,1095461,213966
2023-01-06,162688,185417,1095899,213966
2023-01-07,162688,185417,1095913,213966
2023-01-08,162688,185417,1095913,213966
2023-01-09,162975,185417,1096161,213966
2023-01-10,163244,185417,1097025,213966
2023-01-11,163425,185417,1098810,213966
2023-01-12,163625,185417,1099488,214878
2023-01-13,163775,185993,1099823,214878
2023-01-14,163775,185993,1099860,214878
2023-01-15,163775,185993,1099860,214878
